model,split,layer,class_id,status,time_s,n_samples,pg1_distinct,w_offdiag_mean,w_frac_gt_0.01
conv2net,correct,fc,0,ok,1.9662,50,100,0.335836,0.740606
conv2net,correct,fc,1,ok,0.0444,50,9,0.401357,0.940808
conv2net,correct,fc,2,ok,0.0394,50,99,0.522939,0.901616
conv2net,correct,fc,3,ok,0.0456,50,14,0.534198,0.934141
conv2net,correct,fc,4,ok,0.0477,50,100,0.518179,0.966061
conv2net,correct,fc,5,ok,0.0479,50,30,0.43822,0.913535
conv2net,correct,fc,6,ok,0.0373,50,27,0.486416,0.965455
conv2net,correct,fc,7,ok,0.0428,50,20,0.385718,0.86404
conv2net,correct,fc,8,ok,0.0387,50,83,0.448876,0.879596
conv2net,correct,fc,9,ok,0.0365,50,100,0.264441,0.756364
conv2net,correct,fc,10,ok,0.0411,50,39,0.280877,0.707071
conv2net,correct,fc,11,ok,0.0402,50,15,0.449559,0.900606
conv2net,correct,fc,12,ok,0.0413,50,23,0.373655,0.795758
conv2net,correct,fc,13,ok,0.0391,50,28,0.477504,0.86303
conv2net,correct,fc,14,ok,0.0405,50,11,0.421877,0.952121
conv2net,correct,fc,15,ok,0.0431,50,63,0.473748,0.939192
conv2net,correct,fc,16,ok,0.0412,50,100,0.291428,0.713737
conv2net,correct,fc,17,ok,0.0408,50,50,0.469537,0.789697
conv2net,correct,fc,18,ok,0.0446,50,13,0.359842,0.897576
conv2net,correct,fc,19,ok,0.0432,50,100,0.494686,0.94
conv2net,correct,fc,20,ok,0.0399,50,100,0.249446,0.699394
conv2net,correct,fc,21,ok,0.0424,50,30,0.574268,0.968687
conv2net,correct,fc,22,ok,0.0423,50,96,0.298849,0.75495
conv2net,correct,fc,23,ok,0.0461,50,66,0.357751,0.765455
conv2net,correct,fc,24,ok,0.038,50,38,0.27067,0.763232
conv2net,correct,fc,25,ok,0.0391,50,18,0.369142,0.896566
conv2net,correct,fc,26,ok,0.0412,50,100,0.34836,0.925051
conv2net,correct,fc,27,ok,0.0445,50,6,0.576833,0.979192
conv2net,correct,fc,28,ok,0.0432,50,26,0.278408,0.845455
conv2net,correct,fc,29,ok,0.0397,50,60,0.372051,0.928081
conv2net,correct,fc,30,ok,0.0429,50,44,0.491027,0.836768
conv2net,correct,fc,31,ok,0.0392,50,30,0.516236,0.910303
conv2net,correct,fc,32,ok,0.0429,50,9,0.461791,0.966869
conv2net,correct,fc,33,ok,0.0389,50,15,0.424607,0.889091
conv2net,correct,fc,34,ok,0.0413,50,100,0.557627,0.975354
conv2net,correct,fc,35,ok,0.0416,50,8,0.501398,0.902626
conv2net,correct,fc,36,ok,0.0395,50,17,0.484738,0.925859
conv2net,correct,fc,37,ok,0.0413,50,14,0.485256,0.898384
conv2net,correct,fc,38,ok,0.0404,50,12,0.528737,0.965859
conv2net,correct,fc,39,ok,0.0427,50,100,0.217993,0.738182
conv2net,correct,fc,40,ok,0.0401,50,24,0.281991,0.853131
conv2net,correct,fc,41,ok,0.0405,50,13,0.43033,0.94
conv2net,correct,fc,42,ok,0.0376,50,96,0.489371,0.926263
conv2net,correct,fc,43,ok,0.0419,50,100,0.552112,0.971717
conv2net,correct,fc,44,ok,0.0379,50,47,0.44124,0.919192
conv2net,correct,fc,45,ok,0.0392,50,31,0.453235,0.954141
conv2net,correct,fc,46,ok,0.0417,50,100,0.457601,0.90202
conv2net,correct,fc,47,ok,0.034,50,99,0.465554,0.870101
conv2net,correct,fc,48,ok,0.0339,50,18,0.506858,0.933535
conv2net,correct,fc,49,ok,0.0402,50,30,0.353452,0.709091
conv2net,correct,fc,50,ok,0.0392,50,20,0.384412,0.910909
conv2net,correct,fc,51,ok,0.0682,50,9,0.463879,0.977374
conv2net,correct,fc,52,ok,0.0384,50,99,0.563239,0.837374
conv2net,correct,fc,53,ok,0.0499,50,56,0.377677,0.772929
conv2net,correct,fc,54,ok,0.0497,50,99,0.45583,0.877374
conv2net,correct,fc,55,ok,0.0411,50,31,0.516669,0.946263
conv2net,correct,fc,56,ok,0.0399,50,27,0.467838,0.921818
conv2net,correct,fc,57,ok,0.0427,50,29,0.305127,0.818384
conv2net,correct,fc,58,ok,0.0449,50,33,0.45681,0.865253
conv2net,correct,fc,59,ok,0.0406,50,95,0.418327,0.866263
conv2net,correct,fc,60,ok,0.0374,50,52,0.331154,0.641818
conv2net,correct,fc,61,ok,0.0444,50,46,0.278444,0.660808
conv2net,correct,fc,62,ok,0.0387,50,65,0.48172,0.794545
conv2net,correct,fc,63,ok,0.0412,50,15,0.491526,0.934343
conv2net,correct,fc,64,ok,0.0391,50,99,0.51577,0.965455
conv2net,correct,fc,65,ok,0.0351,50,14,0.484523,0.975758
conv2net,correct,fc,66,ok,0.0433,50,100,0.522417,0.958586
conv2net,correct,fc,67,ok,0.0416,50,21,0.311899,0.767879
conv2net,correct,fc,68,ok,0.0319,50,21,0.391538,0.862626
conv2net,correct,fc,69,ok,0.0422,50,27,0.276602,0.743232
conv2net,correct,fc,70,ok,0.0437,50,99,0.388045,0.781818
conv2net,correct,fc,71,ok,0.0425,50,99,0.253964,0.613939
conv2net,correct,fc,72,ok,0.0421,50,13,0.442161,0.96
conv2net,correct,fc,73,ok,0.0501,50,100,0.312093,0.699596
conv2net,correct,fc,74,ok,0.0417,50,16,0.478307,0.926465
conv2net,correct,fc,75,ok,0.0367,50,17,0.480896,0.955758
conv2net,correct,fc,76,ok,0.0429,50,20,0.328395,0.82303
conv2net,correct,fc,77,ok,0.0398,50,38,0.479996,0.965455
conv2net,correct,fc,78,ok,0.0413,50,31,0.408836,0.93899
conv2net,correct,fc,79,ok,0.0364,50,19,0.343663,0.840808
conv2net,correct,fc,80,ok,0.0373,50,18,0.653676,0.979798
conv2net,correct,fc,81,ok,0.043,50,92,0.520782,0.882626
conv2net,correct,fc,82,ok,0.0396,50,100,0.484386,0.883434
conv2net,correct,fc,83,ok,0.0406,50,52,0.412315,0.854747
conv2net,correct,fc,84,ok,0.0411,50,100,0.333333,0.863636
conv2net,correct,fc,85,ok,0.043,50,100,0.513536,0.887879
conv2net,correct,fc,86,ok,0.0415,50,34,0.319275,0.842828
conv2net,correct,fc,87,ok,0.0404,50,96,0.373139,0.751717
conv2net,correct,fc,88,ok,0.0393,50,100,0.564468,0.956566
conv2net,correct,fc,89,ok,0.0425,50,100,0.567612,0.91899
conv2net,correct,fc,90,ok,0.0425,50,100,0.473673,0.87899
conv2net,correct,fc,91,ok,0.0426,50,28,0.471019,0.960808
conv2net,correct,fc,92,ok,0.0428,50,20,0.478668,0.809293
conv2net,correct,fc,93,ok,0.0417,50,14,0.427888,0.885455
conv2net,correct,fc,94,ok,0.0343,50,99,0.328919,0.776162
conv2net,correct,fc,95,ok,0.0422,50,25,0.367907,0.816566
conv2net,correct,fc,96,ok,0.0433,50,40,0.423096,0.810505
conv2net,correct,fc,97,ok,0.0405,50,99,0.567603,0.969697
conv2net,correct,fc,98,ok,0.1379,50,100,0.47316,0.900404
conv2net,correct,fc,99,ok,0.0367,50,87,0.15556,0.62404
conv2net,incorrect,fc,0,ok,0.0406,50,100,0.332732,0.831717
conv2net,incorrect,fc,1,ok,0.0402,50,46,0.293955,0.862424
conv2net,incorrect,fc,2,ok,0.0375,50,100,0.35687,0.887273
conv2net,incorrect,fc,3,ok,0.0424,50,99,0.34544,0.950909
conv2net,incorrect,fc,4,ok,0.0435,50,98,0.459834,0.975152
conv2net,incorrect,fc,5,ok,0.043,50,96,0.293468,0.86202
conv2net,incorrect,fc,6,ok,0.0405,50,92,0.411108,0.908485
conv2net,incorrect,fc,7,ok,0.0447,50,98,0.274113,0.825253
conv2net,incorrect,fc,8,ok,0.0458,50,98,0.423267,0.943838
conv2net,incorrect,fc,9,ok,0.0561,50,99,0.205329,0.820202
conv2net,incorrect,fc,10,ok,0.0505,50,100,0.221093,0.771919
conv2net,incorrect,fc,11,ok,0.0405,50,99,0.424168,0.902222
conv2net,incorrect,fc,12,ok,0.0393,50,57,0.30559,0.857172
conv2net,incorrect,fc,13,ok,0.0415,50,98,0.457978,0.884646
conv2net,incorrect,fc,14,ok,0.0444,50,23,0.384411,0.923636
conv2net,incorrect,fc,15,ok,0.0423,50,99,0.390648,0.962626
conv2net,incorrect,fc,16,ok,0.0457,50,92,0.247486,0.828081
conv2net,incorrect,fc,17,ok,0.0464,50,15,0.381539,0.87899
conv2net,incorrect,fc,18,ok,0.0418,50,97,0.31648,0.863434
conv2net,incorrect,fc,19,ok,0.0403,50,97,0.456455,0.965657
conv2net,incorrect,fc,20,ok,0.0463,50,100,0.272202,0.852929
conv2net,incorrect,fc,21,ok,0.04,50,98,0.44722,0.963232
conv2net,incorrect,fc,22,ok,0.0404,50,100,0.24008,0.774545
conv2net,incorrect,fc,23,ok,0.0441,50,99,0.221601,0.732929
conv2net,incorrect,fc,24,ok,0.0409,50,59,0.268504,0.853131
conv2net,incorrect,fc,25,ok,0.0453,50,100,0.283574,0.871515
conv2net,incorrect,fc,26,ok,0.0444,50,97,0.392607,0.971717
conv2net,incorrect,fc,27,ok,0.0379,50,100,0.475997,0.999192
conv2net,incorrect,fc,28,ok,0.0419,50,86,0.25982,0.853131
conv2net,incorrect,fc,29,ok,0.039,50,98,0.316406,0.948889
conv2net,incorrect,fc,30,ok,0.0435,50,100,0.358708,0.767475
conv2net,incorrect,fc,31,ok,0.0409,50,98,0.421874,0.962222
conv2net,incorrect,fc,32,ok,0.0395,50,99,0.267326,0.893737
conv2net,incorrect,fc,33,ok,0.0411,50,99,0.365531,0.931313
conv2net,incorrect,fc,34,ok,0.0406,50,98,0.422786,0.969091
conv2net,incorrect,fc,35,ok,0.0414,50,100,0.426755,0.903232
conv2net,incorrect,fc,36,ok,0.0437,50,94,0.328907,0.894141
conv2net,incorrect,fc,37,ok,0.0414,50,97,0.401069,0.908081
conv2net,incorrect,fc,38,ok,0.04,50,100,0.452597,0.989091
conv2net,incorrect,fc,39,ok,0.0437,50,30,0.173239,0.747475
conv2net,incorrect,fc,40,ok,0.0387,50,97,0.204246,0.830909
conv2net,incorrect,fc,41,ok,0.0444,50,98,0.390692,0.945657
conv2net,incorrect,fc,42,ok,0.0369,50,100,0.476385,0.97495
conv2net,incorrect,fc,43,ok,0.0404,50,99,0.450389,0.969495
conv2net,incorrect,fc,44,ok,0.0445,50,100,0.323052,0.933535
conv2net,incorrect,fc,45,ok,0.0396,50,97,0.3667,0.968283
conv2net,incorrect,fc,46,ok,0.0458,50,99,0.401329,0.961616
conv2net,incorrect,fc,47,ok,0.0434,50,98,0.432385,0.868081
conv2net,incorrect,fc,48,ok,0.0447,50,94,0.43969,0.930707
conv2net,incorrect,fc,49,ok,0.0393,50,37,0.276812,0.691717
conv2net,incorrect,fc,50,ok,0.0425,50,100,0.411461,0.957172
conv2net,incorrect,fc,51,ok,0.0395,50,99,0.29569,0.931111
conv2net,incorrect,fc,52,ok,0.0419,50,100,0.502342,0.854343
conv2net,incorrect,fc,53,ok,0.0402,50,23,0.373495,0.78303
conv2net,incorrect,fc,54,ok,0.0383,50,99,0.390155,0.886667
conv2net,incorrect,fc,55,ok,0.0388,50,99,0.376936,0.921414
conv2net,incorrect,fc,56,ok,0.0404,50,97,0.357832,0.9
conv2net,incorrect,fc,57,ok,0.0416,50,100,0.264966,0.823636
conv2net,incorrect,fc,58,ok,0.0413,50,99,0.448778,0.885859
conv2net,incorrect,fc,59,ok,0.0388,50,100,0.369713,0.853333
conv2net,incorrect,fc,60,ok,0.0418,50,84,0.275874,0.671313
conv2net,incorrect,fc,61,ok,0.0416,50,100,0.261495,0.79899
conv2net,incorrect,fc,62,ok,0.0372,50,99,0.413116,0.815354
conv2net,incorrect,fc,63,ok,0.0409,50,95,0.404325,0.945657
conv2net,incorrect,fc,64,ok,0.0443,50,100,0.436717,0.984848
conv2net,incorrect,fc,65,ok,0.0461,50,100,0.378232,0.966061
conv2net,incorrect,fc,66,ok,0.0433,50,100,0.425468,0.966667
conv2net,incorrect,fc,67,ok,0.0421,50,99,0.258882,0.794545
conv2net,incorrect,fc,68,ok,0.0533,50,43,0.326555,0.81697
conv2net,incorrect,fc,69,ok,0.0406,50,22,0.196366,0.770505
conv2net,incorrect,fc,70,ok,0.0401,50,86,0.411483,0.854545
conv2net,incorrect,fc,71,ok,0.039,50,57,0.270271,0.697172
conv2net,incorrect,fc,72,ok,0.0387,50,100,0.431085,0.944444
conv2net,incorrect,fc,73,ok,0.0434,50,99,0.299603,0.838384
conv2net,incorrect,fc,74,ok,0.0431,50,99,0.44101,0.948687
conv2net,incorrect,fc,75,ok,0.0475,50,88,0.353853,0.964444
conv2net,incorrect,fc,76,ok,0.0452,50,20,0.213442,0.738182
conv2net,incorrect,fc,77,ok,0.0429,50,97,0.352957,0.948283
conv2net,incorrect,fc,78,ok,0.0424,50,99,0.32786,0.954747
conv2net,incorrect,fc,79,ok,0.0359,50,98,0.319401,0.872121
conv2net,incorrect,fc,80,ok,0.0406,50,100,0.445118,0.997778
conv2net,incorrect,fc,81,ok,0.0424,50,99,0.406963,0.869697
conv2net,incorrect,fc,82,ok,0.0438,50,100,0.355426,0.887071
conv2net,incorrect,fc,83,ok,0.0392,50,100,0.295184,0.799798
conv2net,incorrect,fc,84,ok,0.0397,50,97,0.367625,0.930101
conv2net,incorrect,fc,85,ok,0.0395,50,99,0.41273,0.902424
conv2net,incorrect,fc,86,ok,0.0402,50,100,0.236134,0.780808
conv2net,incorrect,fc,87,ok,0.0417,50,99,0.332832,0.835556
conv2net,incorrect,fc,88,ok,0.0406,50,100,0.434656,0.954141
conv2net,incorrect,fc,89,ok,0.044,50,99,0.454967,0.916566
conv2net,incorrect,fc,90,ok,0.0393,50,98,0.374667,0.897778
conv2net,incorrect,fc,91,ok,0.0404,50,78,0.30186,0.939192
conv2net,incorrect,fc,92,ok,0.0532,50,100,0.400334,0.797374
conv2net,incorrect,fc,93,ok,0.0394,50,98,0.33714,0.94
conv2net,incorrect,fc,94,ok,0.0551,50,95,0.290425,0.773131
conv2net,incorrect,fc,95,ok,0.0394,50,100,0.335622,0.779798
conv2net,incorrect,fc,96,ok,0.0437,50,91,0.353393,0.853939
conv2net,incorrect,fc,97,ok,0.0409,50,100,0.468095,0.969697
conv2net,incorrect,fc,98,ok,0.0378,50,100,0.357108,0.897576
conv2net,incorrect,fc,99,ok,0.0405,50,40,0.191309,0.748485
