model,split,layer,class_id,status,time_s
conv2net,correct,fc,0,ok,1.5017
conv2net,correct,fc,1,ok,0.0077
conv2net,correct,fc,2,ok,0.0061
conv2net,correct,fc,3,ok,0.0065
conv2net,correct,fc,4,ok,0.0057
conv2net,correct,fc,5,ok,0.0082
conv2net,correct,fc,6,ok,0.0077
conv2net,correct,fc,7,ok,0.0054
conv2net,correct,fc,8,ok,0.0075
conv2net,correct,fc,9,ok,0.007
conv2net,correct,fc,10,ok,0.0059
conv2net,correct,fc,11,ok,0.0085
conv2net,correct,fc,12,ok,0.0069
conv2net,correct,fc,13,ok,0.0063
conv2net,correct,fc,14,ok,0.0082
conv2net,correct,fc,15,ok,0.0073
conv2net,correct,fc,16,ok,0.0061
conv2net,correct,fc,17,ok,0.0061
conv2net,correct,fc,18,ok,0.0075
conv2net,correct,fc,19,ok,0.0054
conv2net,correct,fc,20,ok,0.0059
conv2net,correct,fc,21,ok,0.0063
conv2net,correct,fc,22,ok,0.0063
conv2net,correct,fc,23,ok,0.006
conv2net,correct,fc,24,ok,0.0062
conv2net,correct,fc,25,ok,0.0073
conv2net,correct,fc,26,ok,0.006
conv2net,correct,fc,27,ok,0.0071
conv2net,correct,fc,28,ok,0.0076
conv2net,correct,fc,29,ok,0.0063
conv2net,correct,fc,30,ok,0.006
conv2net,correct,fc,31,ok,0.0085
conv2net,correct,fc,32,ok,0.0062
conv2net,correct,fc,33,ok,0.0059
conv2net,correct,fc,34,ok,0.0055
conv2net,correct,fc,35,ok,0.0054
conv2net,correct,fc,36,ok,0.0062
conv2net,correct,fc,37,ok,0.0045
conv2net,correct,fc,38,ok,0.0049
conv2net,correct,fc,39,ok,0.0054
conv2net,correct,fc,40,ok,0.0047
conv2net,correct,fc,41,ok,0.0047
conv2net,correct,fc,42,ok,0.0093
conv2net,correct,fc,43,ok,0.0062
conv2net,correct,fc,44,ok,0.0054
conv2net,correct,fc,45,ok,0.0047
conv2net,correct,fc,46,ok,0.005
conv2net,correct,fc,47,ok,0.0077
conv2net,correct,fc,48,ok,0.0048
conv2net,correct,fc,49,ok,0.0051
conv2net,correct,fc,50,ok,0.0054
conv2net,correct,fc,51,ok,0.0048
conv2net,correct,fc,52,ok,0.0076
conv2net,correct,fc,53,ok,0.006
conv2net,correct,fc,54,ok,0.0065
conv2net,correct,fc,55,ok,0.0058
conv2net,correct,fc,56,ok,0.0064
conv2net,correct,fc,57,ok,0.0071
conv2net,correct,fc,58,ok,0.0049
conv2net,correct,fc,59,ok,0.0049
conv2net,correct,fc,60,ok,0.0074
conv2net,correct,fc,61,ok,0.0082
conv2net,correct,fc,62,ok,0.0063
conv2net,correct,fc,63,ok,0.0049
conv2net,correct,fc,64,ok,0.0048
conv2net,correct,fc,65,ok,0.0049
conv2net,correct,fc,66,ok,0.0054
conv2net,correct,fc,67,ok,0.005
conv2net,correct,fc,68,ok,0.0048
conv2net,correct,fc,69,ok,0.0054
conv2net,correct,fc,70,ok,0.0055
conv2net,correct,fc,71,ok,0.0062
conv2net,correct,fc,72,ok,0.0055
conv2net,correct,fc,73,ok,0.0049
conv2net,correct,fc,74,ok,0.0057
conv2net,correct,fc,75,ok,0.0061
conv2net,correct,fc,76,ok,0.0049
conv2net,correct,fc,77,ok,0.0062
conv2net,correct,fc,78,ok,0.005
conv2net,correct,fc,79,ok,0.0048
conv2net,correct,fc,80,ok,0.0049
conv2net,correct,fc,81,ok,0.0087
conv2net,correct,fc,82,ok,0.005
conv2net,correct,fc,83,ok,0.0049
conv2net,correct,fc,84,ok,0.005
conv2net,correct,fc,85,ok,0.0058
conv2net,correct,fc,86,ok,0.0054
conv2net,correct,fc,87,ok,0.0054
conv2net,correct,fc,88,ok,0.0049
conv2net,correct,fc,89,ok,0.0057
conv2net,correct,fc,90,ok,0.0061
conv2net,correct,fc,91,ok,0.0069
conv2net,correct,fc,92,ok,0.0053
conv2net,correct,fc,93,ok,0.007
conv2net,correct,fc,94,ok,0.0062
conv2net,correct,fc,95,ok,0.0056
conv2net,correct,fc,96,ok,0.0055
conv2net,correct,fc,97,ok,0.0061
conv2net,correct,fc,98,ok,0.0049
conv2net,correct,fc,99,ok,0.005
conv2net,incorrect,fc,0,ok,0.0084
conv2net,incorrect,fc,1,ok,0.0052
conv2net,incorrect,fc,2,ok,0.0072
conv2net,incorrect,fc,3,ok,0.006
conv2net,incorrect,fc,4,ok,0.0052
conv2net,incorrect,fc,5,ok,0.0048
conv2net,incorrect,fc,6,ok,0.0055
conv2net,incorrect,fc,7,ok,0.006
conv2net,incorrect,fc,8,ok,0.0079
conv2net,incorrect,fc,9,ok,0.0045
conv2net,incorrect,fc,10,ok,0.0083
conv2net,incorrect,fc,11,ok,0.0047
conv2net,incorrect,fc,12,ok,0.0045
conv2net,incorrect,fc,13,ok,0.0049
conv2net,incorrect,fc,14,ok,0.0045
conv2net,incorrect,fc,15,ok,0.0049
conv2net,incorrect,fc,16,ok,0.0079
conv2net,incorrect,fc,17,ok,0.0056
conv2net,incorrect,fc,18,ok,0.0049
conv2net,incorrect,fc,19,ok,0.0063
conv2net,incorrect,fc,20,ok,0.0066
conv2net,incorrect,fc,21,ok,0.0045
conv2net,incorrect,fc,22,ok,0.0065
conv2net,incorrect,fc,23,ok,0.0055
conv2net,incorrect,fc,24,ok,0.0054
conv2net,incorrect,fc,25,ok,0.0053
conv2net,incorrect,fc,26,ok,0.0063
conv2net,incorrect,fc,27,ok,0.0065
conv2net,incorrect,fc,28,ok,0.0045
conv2net,incorrect,fc,29,ok,0.0073
conv2net,incorrect,fc,30,ok,0.0066
conv2net,incorrect,fc,31,ok,0.0053
conv2net,incorrect,fc,32,ok,0.0045
conv2net,incorrect,fc,33,ok,0.0048
conv2net,incorrect,fc,34,ok,0.0045
conv2net,incorrect,fc,35,ok,0.005
conv2net,incorrect,fc,36,ok,0.0045
conv2net,incorrect,fc,37,ok,0.0067
conv2net,incorrect,fc,38,ok,0.0067
conv2net,incorrect,fc,39,ok,0.009
conv2net,incorrect,fc,40,ok,0.0052
conv2net,incorrect,fc,41,ok,0.0053
conv2net,incorrect,fc,42,ok,0.0076
conv2net,incorrect,fc,43,ok,0.0059
conv2net,incorrect,fc,44,ok,0.0045
conv2net,incorrect,fc,45,ok,0.0047
conv2net,incorrect,fc,46,ok,0.0071
conv2net,incorrect,fc,47,ok,0.0049
conv2net,incorrect,fc,48,ok,0.0047
conv2net,incorrect,fc,49,ok,0.006
conv2net,incorrect,fc,50,ok,0.0049
conv2net,incorrect,fc,51,ok,0.0048
conv2net,incorrect,fc,52,ok,0.0051
conv2net,incorrect,fc,53,ok,0.005
conv2net,incorrect,fc,54,ok,0.0057
conv2net,incorrect,fc,55,ok,0.0051
conv2net,incorrect,fc,56,ok,0.0051
conv2net,incorrect,fc,57,ok,0.0058
conv2net,incorrect,fc,58,ok,0.006
conv2net,incorrect,fc,59,ok,0.0052
conv2net,incorrect,fc,60,ok,0.006
conv2net,incorrect,fc,61,ok,0.0051
conv2net,incorrect,fc,62,ok,0.0054
conv2net,incorrect,fc,63,ok,0.0045
conv2net,incorrect,fc,64,ok,0.0064
conv2net,incorrect,fc,65,ok,0.0079
conv2net,incorrect,fc,66,ok,0.0049
conv2net,incorrect,fc,67,ok,0.0065
conv2net,incorrect,fc,68,ok,0.0089
conv2net,incorrect,fc,69,ok,0.005
conv2net,incorrect,fc,70,ok,0.0046
conv2net,incorrect,fc,71,ok,0.0057
conv2net,incorrect,fc,72,ok,0.0055
conv2net,incorrect,fc,73,ok,0.0055
conv2net,incorrect,fc,74,ok,0.0051
conv2net,incorrect,fc,75,ok,0.0057
conv2net,incorrect,fc,76,ok,0.0049
conv2net,incorrect,fc,77,ok,0.0055
conv2net,incorrect,fc,78,ok,0.0052
conv2net,incorrect,fc,79,ok,0.0045
conv2net,incorrect,fc,80,ok,0.0049
conv2net,incorrect,fc,81,ok,0.0065
conv2net,incorrect,fc,82,ok,0.0063
conv2net,incorrect,fc,83,ok,0.0063
conv2net,incorrect,fc,84,ok,0.005
conv2net,incorrect,fc,85,ok,0.0049
conv2net,incorrect,fc,86,ok,0.0045
conv2net,incorrect,fc,87,ok,0.006
conv2net,incorrect,fc,88,ok,0.0052
conv2net,incorrect,fc,89,ok,0.0045
conv2net,incorrect,fc,90,ok,0.0061
conv2net,incorrect,fc,91,ok,0.0057
conv2net,incorrect,fc,92,ok,0.005
conv2net,incorrect,fc,93,ok,0.0045
conv2net,incorrect,fc,94,ok,0.005
conv2net,incorrect,fc,95,ok,0.0048
conv2net,incorrect,fc,96,ok,0.0049
conv2net,incorrect,fc,97,ok,0.0049
conv2net,incorrect,fc,98,ok,0.0073
conv2net,incorrect,fc,99,ok,0.0079
